title,url,markdown,author,description,date,image,favicon
"
      SE-R1-4G 6W Solar Powered Wifi Outdoor Router
 – Electromann SA",https://electromannsa.co.za/products/se-r1-4g-6w-solar-powered-wifi-outdoor-router,"[Skip to content](https://electromannsa.co.za/products/se-r1-4g-6w-solar-powered-wifi-outdoor-router#content)

Your cart is empty :(

[Continue shopping](https://electromannsa.co.za/products/se-r1-4g-6w-solar-powered-wifi-outdoor-router)

Promo text

Your cart

Loading...


Order notes


Order notes

Estimated total:

R 0.00 ZAR

Tax included. [Shipping](https://electromannsa.co.za/products/se-r1-4g-6w-solar-powered-wifi-outdoor-router) and discounts calculated at checkout.

[View cart](https://electromannsa.co.za/products/se-r1-4g-6w-solar-powered-wifi-outdoor-router)
Checkout


**5% Off your Entire order value over R5000****5% Off your Entire order value over R5000**

Great Quality Gadgets at Affordable PricesGreat Quality Gadgets at Affordable Prices

FREE delivery to your door in Gauteng for orders over R350FREE delivery to your door in Gauteng for orders over R350

[Help](https://electromannsa.co.za/pages/contact-us) [My Account](https://shopify.com/10300431/account?locale=en&region_country=ZA)



EN



- [English](about:blank#)
- [Afrikaans](about:blank#)
- [简体中文](about:blank#)
- [Nederlands](about:blank#)
- [Deutsch](about:blank#)
- [Ελληνικά](about:blank#)
- [Italiano](about:blank#)
- [עברית](about:blank#)
- [Português (portugal)](about:blank#)
- [Español](about:blank#)
- [Isixhosa](about:blank#)
- [Isizulu](about:blank#)

[Skip to product information](https://electromannsa.co.za/products/se-r1-4g-6w-solar-powered-wifi-outdoor-router#ProductInfo-template--20321334984945__main)

- ![SE-R1-4G 6W Solar Powered Wifi Outdoor Router - Electromann SA](https://electromannsa.co.za/cdn/shop/files/43027964821745.jpg?v=1742646777&width=1946)


Open media 1 in modal


- ![SE-R1-4G 6W Solar Powered Wifi Outdoor Router - Electromann SA](https://electromannsa.co.za/cdn/shop/files/43027964788977.jpg?v=1742646777&width=1946)


Open media 2 in modal


- ![SE-R1-4G 6W Solar Powered Wifi Outdoor Router - Electromann SA](https://electromannsa.co.za/cdn/shop/files/43027964854513.jpg?v=1742646777&width=1946)


Open media 3 in modal


- ![SE-R1-4G 6W Solar Powered Wifi Outdoor Router - Electromann SA](https://electromannsa.co.za/cdn/shop/files/43027964887281.jpg?v=1742646778&width=1946)


Open media 4 in modal



1 / of4

- ![SE-R1-4G 6W Solar Powered Wifi Outdoor Router - Electromann SA](https://electromannsa.co.za/cdn/shop/files/43027964821745.jpg?v=1742646777&width=416)
- ![SE-R1-4G 6W Solar Powered Wifi Outdoor Router - Electromann SA](https://electromannsa.co.za/cdn/shop/files/43027964788977.jpg?v=1742646777&width=416)
- ![SE-R1-4G 6W Solar Powered Wifi Outdoor Router - Electromann SA](https://electromannsa.co.za/cdn/shop/files/43027964854513.jpg?v=1742646777&width=416)
- ![SE-R1-4G 6W Solar Powered Wifi Outdoor Router - Electromann SA](https://electromannsa.co.za/cdn/shop/files/43027964887281.jpg?v=1742646778&width=416)

10007084

Regular price
R 1,695.00 ZAR


Sale price
R 1,695.00 ZAR
Regular price~~R 1,995.00 ZAR~~

Unit price/ per

Tax included.
[Shipping](https://electromannsa.co.za/policies/shipping-policy) calculated at checkout.

# SE-R1-4G 6W Solar Powered Wifi Outdoor Router

## SE-R1-4G 6W Solar Powered Wifi Outdoor Router (10007084)

-It is suitable to use in a place without a network, without a power supply, insert a mobile phone SIM card, just like a wireless router

-All terminal devices can connect to the router’s WIFI to surf the Internet -Our solar panel wifi router comes with 4 lithium batteries

-The 4G WIFI router can connect kinds of ordinary network cable cameras (AHD camera with insert Cable, POE Camera, Wireless IP CAMERA ), You can also connect an ordinary WIFI IP camera to realize remote -Power failure protection

-Wireless: Any place with a wireless signal for a cell phone can use wifi.

-Working frequency band: LTE B1/B3/B8/B38/B39/B40/B41

-WCDMA 2100/900MHz, TD-SCDMA B34/B39

-TD-SCDMA B34/B39

-GSM/GPRS/EDGE: 900/1800MHz

-FDD-LTE/TDD-LTE: Upstream 50M Down 150Mbps

-HSPA+: Upstream 5.76M Down 21Mbps

-TD-SCDMA: Upstream2.2Mbps Down 2.8Mbps

-2pcs 5dbi Full frequency rod antenna(4G Main antenna, 4G Auxiliary antenna)

-Solar panel with built-in rechargeable battery for power supply

Package Weight: 966g

Package Dimension: 25cm x 15cm x 9cm

**Package Contents:**

1 x Solar Panel 2 x Antenna 1 x Type C USB charger 1 x Bracket 1 x Pack Of Accessories 1 x Manual

Show more


Out of stock

Quantity
Increase quantity for SE-R1-4G 6W Solar Powered Wifi Outdoor RouterDecrease quantity for SE-R1-4G 6W Solar Powered Wifi Outdoor Router

Sold out

Buy it now This item is a recurring or deferred purchase. By continuing, I agree to the cancellation policy and authorize you to charge my payment method at the prices, frequency and dates listed on this page until my order is fulfilled or I cancel, if permitted.

Couldn't load pickup availability

Refresh


##### **Sorry, it's out of stock.**

But we can let you know when it's back in.

Email


#### **Got a question?**

Don't be a stranger.

Your email
\*

Your enquiry
\*

Send



### Who we work with

- [![](https://electromannsa.co.za/cdn/shop/files/Bob_verfified_seller_is-Vo-Z_5.avif?v=1765280431&width=3200)](https://www.bobshop.co.za/seller/1017529/Electromann_SA)
- [![](https://electromannsa.co.za/cdn/shop/files/Amazon.jpg?v=1744790818&width=3200)](https://www.amazon.co.za/s?k=electromann&crid=1XSHP63NH5SUB&sprefix=electromann%2Caps%2C289&ref=nb_sb_noss)

1 / of2

**Selling fast!**

Get yours while you can.

Scroll to the top of the page

###### Howdy

Thanks for trying the [Ignite Shopify template](https://benchmarkthemes.com/).

- Choosing a selection results in a full page refresh.
- Opens in a new window.

SE-R1-4G 6W Solar Powered Wifi Outdoor Router – Electromann SA

SE-R1-4G 6W Solar Powered Wifi Outdoor Router – Electromann SA

electromannsa.co.za

# electromannsa.co.za is blocked

This page has been blocked by an extension

- Try disabling your extensions.

ERR\_BLOCKED\_BY\_CLIENT

Reload


This page has been blocked by an extension

![](<Base64-Image-Removed>)![](<Base64-Image-Removed>)

Chat

shop.app

# shop.app is blocked

This page has been blocked by an extension

- Try disabling your extensions.

ERR\_BLOCKED\_BY\_CLIENT

Reload


This page has been blocked by an extension

![](<Base64-Image-Removed>)![](<Base64-Image-Removed>)

[Chat with us](https://wa.me/27713711144)",,"SE-R1-4G 6W Solar Powered Wifi Outdoor Router (10007084) -It is suitable to use in a place without a network, without a power supply, insert a mobile phone SIM card, just like a wireless router -All terminal devices can connect to the router’s WIFI to surf the Internet -Our solar panel wifi router comes with 4 lithium ",,http://electromannsa.co.za/cdn/shop/files/43027964821745.jpg?v=1742646777,https://electromannsa.co.za/cdn/shop/files/image001_fdd8e0d6-6bef-423b-92f3-d30cc5fbb285.jpg?crop=center&height=32&v=1757427615&width=32
"Wall & Patio Lights - SE-R1-4G 6W Solar Powered Wifi Outdoor Router was sold for 1,695.00 on 9 Feb at 19:30 by Electromann SA in Johannesburg (ID:623324797)",https://www.bobshop.co.za/se-r1-4g-6w-solar-powered-wifi-outdoor-router/p/623324797,"[Shop by category](https://www.bobshop.co.za/static/CategoryMap.html ""Shop by category"")

- [Antiques & Collectables](https://www.bobshop.co.za/antiques-collectables)
- [Art](https://www.bobshop.co.za/art)
- [Automotive](https://www.bobshop.co.za/automotive)
- [Baby](https://www.bobshop.co.za/baby)
- [Books & Education](https://www.bobshop.co.za/books-education)
- [Business, Farming & Industry](https://www.bobshop.co.za/business-farming-industry)
- [Cell Phones & Accessories](https://www.bobshop.co.za/cell-phones-accessories)
- [Clothing, Shoes & Accessories](https://www.bobshop.co.za/clothing-shoes-accessories)
- [Coins & Notes](https://www.bobshop.co.za/coins-notes)
- [Computers & Networking](https://www.bobshop.co.za/computers-networking)
- [Crafts](https://www.bobshop.co.za/crafts)

- [Electronics](https://www.bobshop.co.za/electronics)
- [Gaming](https://www.bobshop.co.za/gaming)
- [Garden, Patio & Pets](https://www.bobshop.co.za/garden-patio-pets)
- [Gemstones & Rocks](https://www.bobshop.co.za/gemstones-rocks)
- [Gift Vouchers & Coupons](https://www.bobshop.co.za/gift-vouchers-coupons)
- [Groceries & Household](https://www.bobshop.co.za/groceries-household)
- [Health & Beauty](https://www.bobshop.co.za/health-beauty)
- [Holistic & Esoteric](https://www.bobshop.co.za/holistic-esoteric)
- [Home & Living](https://www.bobshop.co.za/home-living)
- [Jewellery & Watches](https://www.bobshop.co.za/jewellery-watches)
- [Militaria](https://www.bobshop.co.za/militaria)

- [Movies & Television](https://www.bobshop.co.za/movies-television)
- [Music & Instruments](https://www.bobshop.co.za/music-instruments)
- [Photo & Video](https://www.bobshop.co.za/photo-video)
- [Property](https://www.bobshop.co.za/property)
- [Sport & Leisure](https://www.bobshop.co.za/sport-leisure)
- [Stamps](https://www.bobshop.co.za/stamps)
- [Toys & Hobbies](https://www.bobshop.co.za/toys-hobbies)
- [Travel & Entertainment](https://www.bobshop.co.za/travel-entertainment)
- [Unusual](https://www.bobshop.co.za/unusual)

Digital

- [Computers & NetworkingSee all](https://www.bobshop.co.za/computers-networking)
- [Laptops & Notebooks](https://www.bobshop.co.za/computers-networking/laptops-notebooks/c/18836)
- [Desktop & All-in-Ones](https://www.bobshop.co.za/computers-networking/desktop-all-in-ones/c/8052)
- [iPads, Tablets & eReaders](https://www.bobshop.co.za/computers-networking/ipads-tablets-ereaders/c/11448)
- [Cables & Adapters](https://www.bobshop.co.za/computers-networking/cables-adapters/c/669)
- [Components](https://www.bobshop.co.za/computers-networking/components/c/633)
- [Desktop & Laptop Accessories](https://www.bobshop.co.za/computers-networking/desktop-laptop-accessories/c/7922)
- [Domain Names](https://www.bobshop.co.za/computers-networking/domain-names/c/148)
- [Drives & Storage](https://www.bobshop.co.za/computers-networking/drives-storage/c/678)
- [Keyboards, Mice & Input](https://www.bobshop.co.za/computers-networking/keyboards-mice-input/c/654)
- [Monitors & Accessories](https://www.bobshop.co.za/computers-networking/monitors-accessories/c/18526)

- [Cell Phones & AccessoriesSee all](https://www.bobshop.co.za/cell-phones-accessories)
- [Cell Phones & Smartphones](https://www.bobshop.co.za/cell-phones-accessories/cell-phones-smartphones/c/21949)
- [Accessories](https://www.bobshop.co.za/cell-phones-accessories/accessories/c/321)
- [Smart Watches](https://www.bobshop.co.za/cell-phones-accessories/smart-watches/c/18112)
- [Smart Watch Accessories](https://www.bobshop.co.za/cell-phones-accessories/smart-watch-accessories/c/18113)
- [Parts](https://www.bobshop.co.za/cell-phones-accessories/parts/c/8821)
- [Prepaid & Contracts](https://www.bobshop.co.za/cell-phones-accessories/prepaid-contracts/c/7841)
- [Wholesale & Bulk Lots](https://www.bobshop.co.za/cell-phones-accessories/wholesale-bulk-lots/c/5402)

- [ElectronicsSee all](https://www.bobshop.co.za/electronics)
- [Audio & Visual Accessories](https://www.bobshop.co.za/electronics/audio-visual-accessories/c/1472)
- [Batteries & Chargers](https://www.bobshop.co.za/electronics/batteries-chargers/c/1483)
- [Home Automation](https://www.bobshop.co.za/electronics/home-automation/c/21970)
- [Home Entertainment](https://www.bobshop.co.za/electronics/home-entertainment/c/21982)
- [Electronic Components & Equipment](https://www.bobshop.co.za/electronics/electronic-components-equipment/c/21989)
- [Gadgets](https://www.bobshop.co.za/electronics/gadgets/c/1524)
- [Portable Audio & Visual](https://www.bobshop.co.za/electronics/portable-audio-visual/c/1479)
- [Security & Surveillance](https://www.bobshop.co.za/electronics/security-surveillance/c/1533)
- [TVs & Projectors](https://www.bobshop.co.za/electronics/tvs-projectors/c/1516)
- [Wholesale & Bulk Lots](https://www.bobshop.co.za/electronics/wholesale-bulk-lots/c/5404)

- [GamingSee all](https://www.bobshop.co.za/gaming)
- [Accessories](https://www.bobshop.co.za/gaming/accessories/c/10141)
- [Consoles](https://www.bobshop.co.za/gaming/consoles/c/10123)
- [Games](https://www.bobshop.co.za/gaming/games/c/9976)
- [Merchandise](https://www.bobshop.co.za/gaming/merchandise/c/21880)
- [Online Memberships & Credit](https://www.bobshop.co.za/gaming/online-memberships-credit/c/9201)
- [Repairs & Services](https://www.bobshop.co.za/gaming/repairs-services/c/9966)
- [Retro Gaming](https://www.bobshop.co.za/gaming/retro-gaming/c/10642)
- [Other Gaming](https://www.bobshop.co.za/gaming/other-gaming/c/21884)

- [Photo & VideoSee all](https://www.bobshop.co.za/photo-video)
- [Digital Cameras](https://www.bobshop.co.za/photo-video/digital-cameras/c/1554)
- [Video Cameras](https://www.bobshop.co.za/photo-video/video-cameras/c/1565)
- [Lenses & Filters](https://www.bobshop.co.za/photo-video/lenses-filters/c/1544)
- [Telescopes & Optics](https://www.bobshop.co.za/photo-video/telescopes-optics/c/1561)
- [Bags & Cases](https://www.bobshop.co.za/photo-video/bags-cases/c/1540)
- [Batteries & Chargers](https://www.bobshop.co.za/photo-video/batteries-chargers/c/1539)
- [Film Cameras](https://www.bobshop.co.za/photo-video/film-cameras/c/1548)
- [Flashes & Accessories](https://www.bobshop.co.za/photo-video/flashes-accessories/c/1543)
- [Lighting & Studio](https://www.bobshop.co.za/photo-video/lighting-studio/c/8621)
- [Memory Cards & Readers](https://www.bobshop.co.za/photo-video/memory-cards-readers/c/1542)

Home, Garden & Groceries

- [Home & LivingSee all](https://www.bobshop.co.za/home-living)
- [Kitchen, Dining & Bar](https://www.bobshop.co.za/home-living/kitchen-dining-bar/c/1262)
- [Home Appliances](https://www.bobshop.co.za/home-living/home-appliances/c/11102)
- [Bed & Bath](https://www.bobshop.co.za/home-living/bed-bath/c/19824)
- [Home Security](https://www.bobshop.co.za/home-living/home-security/c/1300)
- [Home Decor](https://www.bobshop.co.za/home-living/home-decor/c/1273)
- [DIY & Tools](https://www.bobshop.co.za/home-living/diy-tools/c/1251)
- [Laundry & Cleaning](https://www.bobshop.co.za/home-living/laundry-cleaning/c/7306)
- [Lighting & Lamps](https://www.bobshop.co.za/home-living/lighting-lamps/c/1280)
- [Flowers, Celebrations & Gifts](https://www.bobshop.co.za/home-living/flowers-celebrations-gifts/c/7387)
- [Wholesale & Bulk Lots](https://www.bobshop.co.za/home-living/wholesale-bulk-lots/c/5400)

- [Garden, Patio & PetsSee all](https://www.bobshop.co.za/garden-patio-pets)
- [Outdoor Lighting](https://www.bobshop.co.za/garden-patio-pets/outdoor-lighting/c/8457)
- [Garden & Patio Furniture](https://www.bobshop.co.za/garden-patio-pets/garden-patio-furniture/c/8447)
- [Flowers, Trees & Plants](https://www.bobshop.co.za/garden-patio-pets/flowers-trees-plants/c/810)
- [Pet Supplies](https://www.bobshop.co.za/garden-patio-pets/pet-supplies/c/812)
- [Braai & Outdoor Cooking](https://www.bobshop.co.za/garden-patio-pets/braai-outdoor-cooking/c/6660)
- [Outdoor Heating & Cooling](https://www.bobshop.co.za/garden-patio-pets/outdoor-heating-cooling/c/21727)
- [Garden Decor](https://www.bobshop.co.za/garden-patio-pets/garden-decor/c/8309)
- [Gardening & Supplies](https://www.bobshop.co.za/garden-patio-pets/gardening-supplies/c/21735)
- [Swimming Pools & Hot Tubs](https://www.bobshop.co.za/garden-patio-pets/swimming-pools-hot-tubs/c/8464)
- [Garden Tools](https://www.bobshop.co.za/garden-patio-pets/garden-tools/c/21814)

- [Groceries & HouseholdSee all](https://www.bobshop.co.za/groceries-household)
- [Beverages](https://www.bobshop.co.za/groceries-household/beverages/c/20010)
- [Liquor](https://www.bobshop.co.za/groceries-household/liquor/c/3502)
- [Bread & Bakery](https://www.bobshop.co.za/groceries-household/bread-bakery/c/22251)
- [Household & Cleaning Supplies](https://www.bobshop.co.za/groceries-household/household-cleaning-supplies/c/22259)
- [Dairy, Eggs & Milk](https://www.bobshop.co.za/groceries-household/dairy-eggs-milk/c/22268)
- [Fruit & Vegetables](https://www.bobshop.co.za/groceries-household/fruit-vegetables/c/20013)
- [Meat, Poultry & Fish](https://www.bobshop.co.za/groceries-household/meat-poultry-fish/c/20008)
- [Pantry](https://www.bobshop.co.za/groceries-household/pantry/c/22288)
- [Ready Meals](https://www.bobshop.co.za/groceries-household/ready-meals/c/22293)
- [Snacks, Chips & Sweets](https://www.bobshop.co.za/groceries-household/snacks-chips-sweets/c/22303)

Toys & Baby

- [BabySee all](https://www.bobshop.co.za/baby)
- [Baby Shower](https://www.bobshop.co.za/baby/baby-shower/c/21618)
- [Bath Time & Grooming](https://www.bobshop.co.za/baby/bath-time-grooming/c/5290)
- [Books, Media & Keepsakes](https://www.bobshop.co.za/baby/books-media-keepsakes/c/3181)
- [Changing & Potty](https://www.bobshop.co.za/baby/changing-potty/c/5341)
- [Clothing](https://www.bobshop.co.za/baby/clothing/c/985)
- [Activity Gear](https://www.bobshop.co.za/baby/activity-gear/c/5308)
- [Feeding & Nursing](https://www.bobshop.co.za/baby/feeding-nursing/c/5325)
- [Nursery](https://www.bobshop.co.za/baby/nursery/c/5275)
- [Health & Safety](https://www.bobshop.co.za/baby/health-safety/c/11708)
- [Toys](https://www.bobshop.co.za/baby/toys/c/5369)

- [Toys & HobbiesSee all](https://www.bobshop.co.za/toys-hobbies)
- [Bicycles & Ride-ons](https://www.bobshop.co.za/toys-hobbies/bicycles-ride-ons/c/5552)
- [Bikes, Scooters & Hoverboards](https://www.bobshop.co.za/toys-hobbies/bikes-scooters-hoverboards/c/20392)
- [Die Casts](https://www.bobshop.co.za/toys-hobbies/die-casts/c/5457)
- [Models & Kits](https://www.bobshop.co.za/toys-hobbies/models-kits/c/5526)
- [Radio Control](https://www.bobshop.co.za/toys-hobbies/radio-control/c/5549)
- [Electronic & Interactive Toys](https://www.bobshop.co.za/toys-hobbies/electronic-interactive-toys/c/20415)
- [LEGO & Building Toys](https://www.bobshop.co.za/toys-hobbies/lego-building-toys/c/5517)
- [Collectable Toys](https://www.bobshop.co.za/toys-hobbies/collectable-toys/c/5454)
- [Action Figures](https://www.bobshop.co.za/toys-hobbies/action-figures/c/5408)
- [Board Games & Cards](https://www.bobshop.co.za/toys-hobbies/board-games-cards/c/5439)

Fashion & Jewellery

- [Clothing, Shoes & AccessoriesSee all](https://www.bobshop.co.za/clothing-shoes-accessories)
- [Women](https://www.bobshop.co.za/clothing-shoes-accessories/women/c/18709)
- [Men](https://www.bobshop.co.za/clothing-shoes-accessories/men/c/18751)
- [Kids](https://www.bobshop.co.za/clothing-shoes-accessories/kids/c/18772)
- [Sunglasses](https://www.bobshop.co.za/clothing-shoes-accessories/sunglasses/c/11610)
- [Wedding Apparel & Accessories](https://www.bobshop.co.za/clothing-shoes-accessories/wedding-apparel-accessories/c/997)
- [Costumes & Accessories](https://www.bobshop.co.za/clothing-shoes-accessories/costumes-accessories/c/1014)
- [Cultural & Ethnic Clothing](https://www.bobshop.co.za/clothing-shoes-accessories/cultural-ethnic-clothing/c/1005)
- [Dancewear & Dance Shoes](https://www.bobshop.co.za/clothing-shoes-accessories/dancewear-dance-shoes/c/1017)
- [Shoe Racks & Organisers](https://www.bobshop.co.za/clothing-shoes-accessories/shoe-racks-organisers/c/18797)
- [Umbrellas](https://www.bobshop.co.za/clothing-shoes-accessories/umbrellas/c/18798)

- [Jewellery & WatchesSee all](https://www.bobshop.co.za/jewellery-watches)
- [Engagement & Wedding Jewellery](https://www.bobshop.co.za/jewellery-watches/engagement-wedding-jewellery/c/438)
- [Watches](https://www.bobshop.co.za/jewellery-watches/watches/c/468)
- [Artisanal Jewellery](https://www.bobshop.co.za/jewellery-watches/artisanal-jewellery/c/18365)
- [Children's Jewellery](https://www.bobshop.co.za/jewellery-watches/childrens-jewellery/c/11425)
- [Ethnic & Tribal Jewellery](https://www.bobshop.co.za/jewellery-watches/ethnic-tribal-jewellery/c/3900)
- [Fashion Jewellery](https://www.bobshop.co.za/jewellery-watches/fashion-jewellery/c/18429)
- [Fine Jewellery](https://www.bobshop.co.za/jewellery-watches/fine-jewellery/c/18465)
- [Jewellery Boxes & Storage](https://www.bobshop.co.za/jewellery-watches/jewellery-boxes-storage/c/18501)
- [Men's Jewellery](https://www.bobshop.co.za/jewellery-watches/mens-jewellery/c/441)
- [Vintage & Antique Jewellery](https://www.bobshop.co.za/jewellery-watches/vintage-antique-jewellery/c/2558)

Sports & Health

- [Health & BeautySee all](https://www.bobshop.co.za/health-beauty)
- [Hair Care, Shaving & Hair Removal](https://www.bobshop.co.za/health-beauty/hair-care-shaving-hair-removal/c/1439)
- [Fragrances](https://www.bobshop.co.za/health-beauty/fragrances/c/18099)
- [Medical, Mobility & Disability](https://www.bobshop.co.za/health-beauty/medical-mobility-disability/c/1469)
- [Makeup & Nail Care](https://www.bobshop.co.za/health-beauty/makeup-nail-care/c/1464)
- [Hair Extensions & Weaves](https://www.bobshop.co.za/health-beauty/hair-extensions-weaves/c/904)
- [Health & Fitness](https://www.bobshop.co.za/health-beauty/health-fitness/c/1456)
- [Supplements & Nutrition](https://www.bobshop.co.za/health-beauty/supplements-nutrition/c/1438)
- [Skin Care & Tanning](https://www.bobshop.co.za/health-beauty/skin-care-tanning/c/2524)
- [Natural & Homeopathic Remedies](https://www.bobshop.co.za/health-beauty/natural-homeopathic-remedies/c/2525)
- [Bath & Body](https://www.bobshop.co.za/health-beauty/bath-body/c/1471)

- [Sport & LeisureSee all](https://www.bobshop.co.za/sport-leisure)
- [Sportswear](https://www.bobshop.co.za/sport-leisure/sportswear/c/20516)
- [Sporting Memorabilia](https://www.bobshop.co.za/sport-leisure/sporting-memorabilia/c/782)
- [Sports Nutrition](https://www.bobshop.co.za/sport-leisure/sports-nutrition/c/8121)
- [Activity, HR & GPS Watches](https://www.bobshop.co.za/sport-leisure/activity-hr-gps-watches/c/20593)
- [Gym & Exercise](https://www.bobshop.co.za/sport-leisure/gym-exercise/c/20576)
- [Individual Sports](https://www.bobshop.co.za/sport-leisure/individual-sports/c/22072)
- [Team Sports](https://www.bobshop.co.za/sport-leisure/team-sports/c/22079)
- [Outdoors](https://www.bobshop.co.za/sport-leisure/outdoors/c/20718)
- [Indoor Games](https://www.bobshop.co.za/sport-leisure/indoor-games/c/763)
- [Other Sport & Leisure](https://www.bobshop.co.za/sport-leisure/other-sport-leisure/c/620)

Lifestyle

- [ArtSee all](https://www.bobshop.co.za/art)
- [Original South African Art](https://www.bobshop.co.za/art/original-south-african-art/c/840)
- [Original International Art](https://www.bobshop.co.za/art/original-international-art/c/8221)
- [Art Directly From The Artist](https://www.bobshop.co.za/art/art-directly-from-the-artist/c/10943)
- [Reproduced Art](https://www.bobshop.co.za/art/reproduced-art/c/833)
- [Unknown Artist](https://www.bobshop.co.za/art/unknown-artist/c/10964)
- [Other Artwork](https://www.bobshop.co.za/art/other-artwork/c/2555)

- [Books & EducationSee all](https://www.bobshop.co.za/books-education)
- [Fiction](https://www.bobshop.co.za/books-education/fiction/c/478)
- [Non-Fiction](https://www.bobshop.co.za/books-education/non-fiction/c/490)
- [Antiquarian & Collectable](https://www.bobshop.co.za/books-education/antiquarian-collectable/c/528)
- [Textbooks & Educational](https://www.bobshop.co.za/books-education/textbooks-educational/c/518)
- [Children & Baby Books](https://www.bobshop.co.za/books-education/children-baby-books/c/510)
- [Comics & Graphic Novels](https://www.bobshop.co.za/books-education/comics-graphic-novels/c/524)
- [Foreign Language Books](https://www.bobshop.co.za/books-education/foreign-language-books/c/9562)
- [Magazines](https://www.bobshop.co.za/books-education/magazines/c/558)
- [Audio Books](https://www.bobshop.co.za/books-education/audio-books/c/557)
- [eBooks](https://www.bobshop.co.za/books-education/ebooks/c/535)

- [CraftsSee all](https://www.bobshop.co.za/crafts)
- [Finished Crafts](https://www.bobshop.co.za/crafts/finished-crafts/c/10563)
- [Sewing & Fabric](https://www.bobshop.co.za/crafts/sewing-fabric/c/10461)
- [Art Supplies](https://www.bobshop.co.za/crafts/art-supplies/c/845)
- [Beading & Jewellery Making](https://www.bobshop.co.za/crafts/beading-jewellery-making/c/1083)
- [Needle Crafting](https://www.bobshop.co.za/crafts/needle-crafting/c/6760)
- [Paper Crafts](https://www.bobshop.co.za/crafts/paper-crafts/c/3840)
- [Home Crafts](https://www.bobshop.co.za/crafts/home-crafts/c/10239)
- [Mosaic Making & Glass Crafting](https://www.bobshop.co.za/crafts/mosaic-making-glass-crafting/c/10246)
- [Wholesale & Bulk Lots](https://www.bobshop.co.za/crafts/wholesale-bulk-lots/c/5406)
- [Other Crafts](https://www.bobshop.co.za/crafts/other-crafts/c/1224)

- [Travel & EntertainmentSee all](https://www.bobshop.co.za/travel-entertainment)
- [Travel](https://www.bobshop.co.za/travel-entertainment/travel/c/5571)
- [Experiences](https://www.bobshop.co.za/travel-entertainment/experiences/c/11400)
- [Entertainment](https://www.bobshop.co.za/travel-entertainment/entertainment/c/5572)
- [Luggage & Travel Bags](https://www.bobshop.co.za/travel-entertainment/luggage-travel-bags/c/9081)
- [Travel Accessories](https://www.bobshop.co.za/travel-entertainment/travel-accessories/c/9086)

Collectables

- [Antiques & CollectablesSee all](https://www.bobshop.co.za/antiques-collectables)
- [Advertising, Signage & Posters](https://www.bobshop.co.za/antiques-collectables/advertising-signage-posters/c/153)
- [Africana](https://www.bobshop.co.za/antiques-collectables/africana/c/7421)
- [Appliances, Tools & Accessories](https://www.bobshop.co.za/antiques-collectables/appliances-tools-accessories/c/305)
- [Architectural Antiques](https://www.bobshop.co.za/antiques-collectables/architectural-antiques/c/157)
- [Atlases, Maps & Nautical Antiques](https://www.bobshop.co.za/antiques-collectables/atlases-maps-nautical-antiques/c/163)
- [Bar & Smoking](https://www.bobshop.co.za/antiques-collectables/bar-smoking/c/164)
- [Carpets, Rugs & Textiles](https://www.bobshop.co.za/antiques-collectables/carpets-rugs-textiles/c/175)
- [Casino Memorabilia](https://www.bobshop.co.za/antiques-collectables/casino-memorabilia/c/6960)
- [Chandeliers, Lamps & Lighting](https://www.bobshop.co.za/antiques-collectables/chandeliers-lamps-lighting/c/185)
- [Clocks](https://www.bobshop.co.za/antiques-collectables/clocks/c/186)

- [Coins & NotesSee all](https://www.bobshop.co.za/coins-notes)
- [Accessories](https://www.bobshop.co.za/coins-notes/accessories/c/350)
- [Ancient & Shipwreck](https://www.bobshop.co.za/coins-notes/ancient-shipwreck/c/3740)
- [Bullion Bars](https://www.bobshop.co.za/coins-notes/bullion-bars/c/7160)
- [Gold & Bullion Coins](https://www.bobshop.co.za/coins-notes/gold-bullion-coins/c/2742)
- [International Bank Notes](https://www.bobshop.co.za/coins-notes/international-bank-notes/c/355)
- [International Coins](https://www.bobshop.co.za/coins-notes/international-coins/c/363)
- [Krugerrands](https://www.bobshop.co.za/coins-notes/krugerrands/c/373)
- [Mandela Coins](https://www.bobshop.co.za/coins-notes/mandela-coins/c/381)
- [Republic of South Africa Coins](https://www.bobshop.co.za/coins-notes/republic-of-south-africa-coins/c/387)
- [South African Bank Notes](https://www.bobshop.co.za/coins-notes/south-african-bank-notes/c/395)

- [Gemstones & RocksSee all](https://www.bobshop.co.za/gemstones-rocks)
- [Accessories](https://www.bobshop.co.za/gemstones-rocks/accessories/c/2778)
- [Diamonds](https://www.bobshop.co.za/gemstones-rocks/diamonds/c/663)
- [Emeralds](https://www.bobshop.co.za/gemstones-rocks/emeralds/c/3480)
- [Rubies](https://www.bobshop.co.za/gemstones-rocks/rubies/c/2730)
- [Sapphires](https://www.bobshop.co.za/gemstones-rocks/sapphires/c/2732)
- [Semi-Precious Gems](https://www.bobshop.co.za/gemstones-rocks/semi-precious-gems/c/5220)
- [Tanzanites](https://www.bobshop.co.za/gemstones-rocks/tanzanites/c/2729)
- [Rocks & Minerals](https://www.bobshop.co.za/gemstones-rocks/rocks-minerals/c/3562)

- [MilitariaSee all](https://www.bobshop.co.za/militaria)
- [Badges & Insignia](https://www.bobshop.co.za/militaria/badges-insignia/c/3712)
- [Clothing & Equipment](https://www.bobshop.co.za/militaria/clothing-equipment/c/3719)
- [Medals](https://www.bobshop.co.za/militaria/medals/c/3726)
- [Militaria Books & DVDs](https://www.bobshop.co.za/militaria/militaria-books-dvds/c/3710)
- [Sharp Edged Weaponry](https://www.bobshop.co.za/militaria/sharp-edged-weaponry/c/3742)
- [War Memorabilia](https://www.bobshop.co.za/militaria/war-memorabilia/c/3734)
- [Other Militaria](https://www.bobshop.co.za/militaria/other-militaria/c/4720)

- [StampsSee all](https://www.bobshop.co.za/stamps)
- [South Africa](https://www.bobshop.co.za/stamps/south-africa/c/1223)
- [Africa](https://www.bobshop.co.za/stamps/africa/c/1104)
- [Great Britain](https://www.bobshop.co.za/stamps/great-britain/c/1179)
- [Europe](https://www.bobshop.co.za/stamps/europe/c/1157)
- [Asia](https://www.bobshop.co.za/stamps/asia/c/1132)
- [Americas](https://www.bobshop.co.za/stamps/americas/c/1116)
- [Australasia](https://www.bobshop.co.za/stamps/australasia/c/1147)
- [Middle East](https://www.bobshop.co.za/stamps/middle-east/c/1190)
- [Accessories](https://www.bobshop.co.za/stamps/accessories/c/1222)
- [Bulklots and Thematic Collections](https://www.bobshop.co.za/stamps/bulklots-and-thematic-collections/c/4340)

Automotive

- [Car Parts & AccessoriesSee all](https://www.bobshop.co.za/automotive/car-parts-accessories/c/136)
- [Parts & Accessories](https://www.bobshop.co.za/automotive/parts-accessories/c/11245)
- [Audio & Electronics](https://www.bobshop.co.za/automotive/audio-electronics/c/1487)
- [Wheels & Tyres](https://www.bobshop.co.za/automotive/wheels-tyres/c/11254)
- [Tools & Maintenance](https://www.bobshop.co.za/automotive/tools-maintenance/c/11252)
- [Memorabilia & Novelty](https://www.bobshop.co.za/automotive/memorabilia-novelty/c/11243)
- [Towing & Trailers](https://www.bobshop.co.za/automotive/towing-trailers/c/11232)
- [Scrapyard & Salvage Parts](https://www.bobshop.co.za/automotive/scrapyard-salvage-parts/c/11239)

- [Motorcycle Parts & AccessoriesSee all](https://www.bobshop.co.za/automotive/motorcycle-parts-accessories/c/131)
- [Parts](https://www.bobshop.co.za/automotive/parts/c/581)
- [Accessories](https://www.bobshop.co.za/automotive/accessories/c/21336)

Business & Industry

- [Business, Farming & IndustrySee all](https://www.bobshop.co.za/business-farming-industry)
- [Construction](https://www.bobshop.co.za/business-farming-industry/construction/c/1315)
- [Electrical & Test Equipment](https://www.bobshop.co.za/business-farming-industry/electrical-test-equipment/c/1325)
- [Farming & Forestry](https://www.bobshop.co.za/business-farming-industry/farming-forestry/c/1334)
- [Industrial Supply](https://www.bobshop.co.za/business-farming-industry/industrial-supply/c/1349)
- [Manufacturing & Metalworking](https://www.bobshop.co.za/business-farming-industry/manufacturing-metalworking/c/1364)
- [Office](https://www.bobshop.co.za/business-farming-industry/office/c/1374)
- [Postage & Packing Supplies](https://www.bobshop.co.za/business-farming-industry/postage-packing-supplies/c/1382)
- [Retail & Hospitality](https://www.bobshop.co.za/business-farming-industry/retail-hospitality/c/1383)
- [Tools](https://www.bobshop.co.za/business-farming-industry/tools/c/2709)
- [Wholesale & Bulk Lots](https://www.bobshop.co.za/business-farming-industry/wholesale-bulk-lots/c/5401)

Other Categories

- [Gift Vouchers & CouponsSee all](https://www.bobshop.co.za/gift-vouchers-coupons)
- [Entertainment](https://www.bobshop.co.za/gift-vouchers-coupons/entertainment/c/11478)
- [Experiences](https://www.bobshop.co.za/gift-vouchers-coupons/experiences/c/11479)
- [Fashion](https://www.bobshop.co.za/gift-vouchers-coupons/fashion/c/11480)
- [Health & Beauty](https://www.bobshop.co.za/gift-vouchers-coupons/health-beauty/c/11482)
- [Home & Living](https://www.bobshop.co.za/gift-vouchers-coupons/home-living/c/11483)
- [Other Gift Vouchers & Coupons](https://www.bobshop.co.za/gift-vouchers-coupons/other-gift-vouchers-coupons/c/11488)

- [Holistic & EsotericSee all](https://www.bobshop.co.za/holistic-esoteric)
- [Aromatherapy](https://www.bobshop.co.za/holistic-esoteric/aromatherapy/c/21544)
- [Altar Supplies](https://www.bobshop.co.za/holistic-esoteric/altar-supplies/c/21549)
- [Astrology](https://www.bobshop.co.za/holistic-esoteric/astrology/c/3041)
- [Books, Cards & Calendars](https://www.bobshop.co.za/holistic-esoteric/books-cards-calendars/c/3023)
- [Candles & Holders](https://www.bobshop.co.za/holistic-esoteric/candles-holders/c/21565)
- [Chakras & Reiki](https://www.bobshop.co.za/holistic-esoteric/chakras-reiki/c/3044)
- [Crystals, Gemstones & Stones](https://www.bobshop.co.za/holistic-esoteric/crystals-gemstones-stones/c/3022)
- [Dream Catchers](https://www.bobshop.co.za/holistic-esoteric/dream-catchers/c/20512)
- [Deities, Statues & Plaques](https://www.bobshop.co.za/holistic-esoteric/deities-statues-plaques/c/21576)
- [Divination](https://www.bobshop.co.za/holistic-esoteric/divination/c/21577)

- [Movies & TelevisionSee all](https://www.bobshop.co.za/movies-television)
- [Movies](https://www.bobshop.co.za/movies-television/movies/c/709)
- [TV Series](https://www.bobshop.co.za/movies-television/tv-series/c/18140)
- [Memorabilia](https://www.bobshop.co.za/movies-television/memorabilia/c/729)

- [UnusualSee all](https://www.bobshop.co.za/unusual)
- [Unusual Items](https://www.bobshop.co.za/unusual/unusual-items/c/2741)
- [Other](https://www.bobshop.co.za/unusual/other/c/628)

- [Music & InstrumentsSee all](https://www.bobshop.co.za/music-instruments)
- [Instruments](https://www.bobshop.co.za/music-instruments/instruments/c/1025)
- [Music CDs](https://www.bobshop.co.za/music-instruments/music-cds/c/1034)
- [Music DVDs](https://www.bobshop.co.za/music-instruments/music-dvds/c/1055)
- [Music Memorabilia](https://www.bobshop.co.za/music-instruments/music-memorabilia/c/2560)
- [Sound, Light & Stage](https://www.bobshop.co.za/music-instruments/sound-light-stage/c/1076)
- [Tapes, LPs & Other Formats](https://www.bobshop.co.za/music-instruments/tapes-lps-other-formats/c/8979)
- [Other Music Related Items](https://www.bobshop.co.za/music-instruments/other-music-related-items/c/3640)

This item has closed 4 buyers bought 5 items

View other items offered by [Electromann SA](https://www.bobshop.co.za/seller/1017529/Electromann_SA ""Items Electromann SA is selling"")5708

## Similar products

[![4 Sided Solar Powered Outdoor Light](https://img.bobshop.co.za/f_auto,c_fit,w_300,h_300,d_notfound.png/https%3A%2F%2Fcdn.shopify.com%2Fs%2Ffiles%2F1%2F0747%2F8486%2F6541%2Ffiles%2FIMG-20220421-WA0045-1.jpg%3Fv%3D1744987673)](https://www.bobshop.co.za/4-sided-solar-powered-outdoor-light/p/644419653)

[4 Sided Solar Powered Outdoor Light](https://www.bobshop.co.za/4-sided-solar-powered-outdoor-light/p/644419653)

[JustsimplifiedSA](https://www.bobshop.co.za/user/4748133/JustsimplifiedSA)
New


R29900

**Ends** 23 Feb 26 17:00


AddAdd to cart

[![4x Solar Powered Up and Down Lighting, Outdoor Wall Lamp, Garden, Courtyard](https://img.bobshop.co.za/image/upload/f_auto,c_fit,w_300,h_300,d_notfound.png/user_images/248/5162248/240718153829_%E5%BE%AE%E4%BF%A1%E5%9B%BE%E7%89%87_20240718153706.png)\\
\\
35% off](https://www.bobshop.co.za/4x-solar-powered-up-and-down-lighting-outdoor-wall-lamp-garden-courtyard/p/667259311)

[4x Solar Powered Up and Down Lighting, Outdoor Wall Lamp, Garden, Courtyard](https://www.bobshop.co.za/4x-solar-powered-up-and-down-lighting-outdoor-wall-lamp-garden-courtyard/p/667259311)

[More4Alot](https://www.bobshop.co.za/user/5162248/More4Alot)
Secondhand


R15900R24400

**Ends** 17 Feb 26 09:00


AddAdd to cart

[![SE-SR08 Solar Powered 4G Outdoor Wireless Router](https://img.bobshop.co.za/f_auto,c_fit,w_300,h_300,d_notfound.png/https%3A%2F%2Fsuperelectronics.co.za%2Fwp-content%2Fuploads%2F2024%2F06%2Fmain-image-1-1.jpg)\\
\\
40% off](https://www.bobshop.co.za/se-sr08-solar-powered-4g-outdoor-wireless-router/p/637510423)

[SE-SR08 Solar Powered 4G Outdoor Wireless Router](https://www.bobshop.co.za/se-sr08-solar-powered-4g-outdoor-wireless-router/p/637510423)

[Super Seller SA](https://www.bobshop.co.za/user/3695710/Super_Seller_SA)
New


R1,80000R3,00000

**Ends** 16 Feb 26 17:00


AddAdd to cart

[![Solar Fence Light Style Retro Outdoor Wall Light Solar Powered](https://img.bobshop.co.za/image/upload/f_auto,c_fit,w_300,h_300,d_notfound.png/user_images/001/1585001/230620183550_FACE.png)\\
\\
47% off](https://www.bobshop.co.za/solar-fence-light-style-retro-outdoor-wall-light-solar-powered/p/668426773)

[Solar Fence Light Style Retro Outdoor Wall Light Solar Powered](https://www.bobshop.co.za/solar-fence-light-style-retro-outdoor-wall-light-solar-powered/p/668426773)

[SOLD4U](https://www.bobshop.co.za/user/1585001/SOLD4U)
New


R7900R15000

**Ends** 28 Feb 26 10:15


AddAdd to cart

![SE-R1-4G 6W Solar Powered Wifi Outdoor Router](https://img.bobshop.co.za/f_auto,c_fit,w_900,h_900,d_notfound.png/https%3A%2F%2Felectromannsa.co.za%2Fwp-content%2Fuploads%2F2024%2F08%2Fmain-image-2-1-1.jpg)![SE-R1-4G 6W Solar Powered Wifi Outdoor Router](https://img.bobshop.co.za/f_auto,c_fit,w_900,h_900,d_notfound.png/https%3A%2F%2Felectromannsa.co.za%2Fwp-content%2Fuploads%2F2024%2F08%2Fdescription-image-8.jpg)![SE-R1-4G 6W Solar Powered Wifi Outdoor Router](https://img.bobshop.co.za/f_auto,c_fit,w_900,h_900,d_notfound.png/https%3A%2F%2Felectromannsa.co.za%2Fwp-content%2Fuploads%2F2024%2F08%2Fmain-image-1-1.jpg)![SE-R1-4G 6W Solar Powered Wifi Outdoor Router](https://img.bobshop.co.za/f_auto,c_fit,w_900,h_900,d_notfound.png/https%3A%2F%2Felectromannsa.co.za%2Fwp-content%2Fuploads%2F2024%2F08%2Fmain-image-6-1.jpg)

![SE-R1-4G 6W Solar Powered Wifi Outdoor Router](https://img.bobshop.co.za/f_auto,c_fit,w_900,h_900,d_notfound.png/https%3A%2F%2Felectromannsa.co.za%2Fwp-content%2Fuploads%2F2024%2F08%2Fmain-image-2-1-1.jpg)![SE-R1-4G 6W Solar Powered Wifi Outdoor Router](https://img.bobshop.co.za/f_auto,c_fit,w_900,h_900,d_notfound.png/https%3A%2F%2Felectromannsa.co.za%2Fwp-content%2Fuploads%2F2024%2F08%2Fdescription-image-8.jpg)![SE-R1-4G 6W Solar Powered Wifi Outdoor Router](https://img.bobshop.co.za/f_auto,c_fit,w_900,h_900,d_notfound.png/https%3A%2F%2Felectromannsa.co.za%2Fwp-content%2Fuploads%2F2024%2F08%2Fmain-image-1-1.jpg)![SE-R1-4G 6W Solar Powered Wifi Outdoor Router](https://img.bobshop.co.za/f_auto,c_fit,w_900,h_900,d_notfound.png/https%3A%2F%2Felectromannsa.co.za%2Fwp-content%2Fuploads%2F2024%2F08%2Fmain-image-6-1.jpg)


Sold


# SE-R1-4G 6W Solar Powered Wifi Outdoor Router

New
5 were available

**Indicative market price:**
R1,995.00

R1,69500

15% off


Add to cartAdd to cart

Share

[Share on X](https://twitter.com/intent/tweet?text=SE-R1-4G%206W%20Solar%20Powered%20Wifi%20Outdoor%20Router&url=https%3A%2F%2Fwww.bobshop.co.za%2Fse-r1-4g-6w-solar-powered-wifi-outdoor-router%2Fp%2F623324797 ""Share on X"")[Share on Facebook](https://www.facebook.com/sharer/sharer.php?u=https%3A%2F%2Fwww.bobshop.co.za%2Fse-r1-4g-6w-solar-powered-wifi-outdoor-router%2Fp%2F623324797 ""Share on Facebook"")[Share on Pinterest](https://www.pinterest.com/pin/create/bookmarklet/?url=https%3A%2F%2Fwww.bobshop.co.za%2Fse-r1-4g-6w-solar-powered-wifi-outdoor-router%2Fp%2F623324797&media=&description=SE-R1-4G%206W%20Solar%20Powered%20Wifi%20Outdoor%20Router ""Share on Pinterest"")[Share on LinkedIn](https://www.linkedin.com/shareArticle?mini=true&url=https%3A%2F%2Fwww.bobshop.co.za%2Fse-r1-4g-6w-solar-powered-wifi-outdoor-router%2Fp%2F623324797 ""Share on LinkedIn"")[Share on WhatsApp](https://wa.me/?text=https%3A%2F%2Fwww.bobshop.co.za%2Fse-r1-4g-6w-solar-powered-wifi-outdoor-router%2Fp%2F623324797 ""Share on WhatsApp"")[Share via email](mailto:?subject=SE-R1-4G%206W%20Solar%20Powered%20Wifi%20Outdoor%20Router&body=https%3A%2F%2Fwww.bobshop.co.za%2Fse-r1-4g-6w-solar-powered-wifi-outdoor-router%2Fp%2F623324797 ""Share via email"")

Shipping


Standard courier shipping from

R35.00


R35.00 Standard shipping using one of our trusted couriers applies to most areas in South Africa. Some areas may attract a R30.00 surcharge. This will be calculated at checkout if applicable. [Check my rate](https://www.bobshop.co.za/se-r1-4g-6w-solar-powered-wifi-outdoor-router/p/623324797#)

Collect from a locker or counter from

R35.00


There are various locker and counter collection points across South Africa. [View locations](https://www.bobshop.co.za/se-r1-4g-6w-solar-powered-wifi-outdoor-router/p/623324797#)

Free collection from

Laser Park, Roodepoort


The seller allows collection for this item. Buyers will receive the collection address and time once the order is ready.



Ready to ship in

3 business days


The seller has indicated that they will usually have this item
ready to ship within 3 business days.
Shipping time depends on your delivery address.
The most accurate delivery time will be calculated at checkout,
but in general, the following shipping times apply:


**Standard Delivery**

|     |     |
| --- | --- |
| Main centres: | 1-3 business days |
| Regional areas: | 3-4 business days |
| Remote areas: | 3-5 business days |

Seller


[Electromann SA](https://www.bobshop.co.za/seller/1017529/Electromann_SA ""Items Electromann SA is selling"")5708

[98.40\\
% Positive ratings](https://www.bobshop.co.za/user/1017529/Electromann_SA ""View all the seller's ratings"")

Buyer protection


[How you're covered](https://www.bobshop.co.za/buyerprotection ""This purchase is part of the Bob Shop Buyer Protection Programme. Click here to see how you're covered."")

Get it now, pay later


[![Sign up with Mobicred](https://mobicred.co.za/images/logo-mobicred-grey.png)\\
from R158.00 p/m](https://mobicred.co.za/customer/mobicred/register?merchantID=1372&returnUrl=https%3A%2F%2Fwww.bobshop.co.za%2Fse-r1-4g-6w-solar-powered-wifi-outdoor-router%2Fp%2F623324797)

## Product details

Condition

New

Location

South Africa

Customer ratings:

1 ratings

## 5.0 out of 5

[1 customer ratings](https://www.bobshop.co.za/se-r1-4g-6w-solar-powered-wifi-outdoor-router/p/623324797#)

100%


0%


0%


Product code

10007084

Bob Shop ID

623324797

## SE-R1-4G 6W Solar Powered Wifi Outdoor Router (10007084)

-It is suitable to use in a place without a network, without a power supply, insert a mobile phone SIM card, just like a wireless router

-All terminal devices can connect to the router's WIFI to surf the Internet

-Our solar panel wifi router comes with 4 lithium batteries

-The 4G WIFI router can connect kinds of ordinary network cable cameras (AHD camera with insert Cable, POE Camera, Wireless IP CAMERA ), You can also connect an ordinary WIFI IP camera to realize remote

-Power failure protection

-Wireless: Any place with a wireless signal for a cell phone can use wifi.

-Working frequency band: LTE B1/B3/B8/B38/B39/B40/B41

-WCDMA 2100/900MHz, TD-SCDMA B34/B39

-TD-SCDMA B34/B39

-GSM/GPRS/EDGE: 900/1800MHz

-FDD-LTE/TDD-LTE: Upstream 50M Down 150Mbps

-HSPA+: Upstream 5.76M Down 21Mbps

-TD-SCDMA: Upstream2.2Mbps Down 2.8Mbps

-2pcs 5dbi Full frequency rod antenna(4G Main antenna, 4G Auxiliary antenna)

-Solar panel with built-in rechargeable battery for power supply

Package Weight: 966g

Package Dimension: 25cm x 15cm x 9cm

**Package Contents:**

1 x Solar Panel

2 x Antenna

1 x Type C USB charger

1 x Bracket

1 x Pack Of Accessories

1 x Manual

[Report a problem](https://www.bobshop.co.za/jsp/email/EmailFraudWatch.jsp?Trade_TradeId=623324797&redirectionUrl=https%3A%2F%2Fwww.bobshop.co.za%2Fse-r1-4g-6w-solar-powered-wifi-outdoor-router%2Fp%2F623324797 ""Spot a Problem? Notify Community Watch!"")

## Customer ratings:  1 ratings

Received my item in great working order, delivery was also quick

09 Dec 2024",,"SE-R1-4G 6W Solar Powered Wifi Outdoor Router in the Wall & Patio Lights category was sold for 1,695.00 on 9 Feb at 19:30 by Electromann SA in Johannesburg (ID:623324797)",,"https://img.bobshop.co.za/f_auto,q_auto:eco,d_notfound.png/https%3A%2F%2Felectromannsa.co.za%2Fwp-content%2Fuploads%2F2024%2F08%2Fmain-image-2-1-1.jpg",https://www.bobshop.co.za/bobshop-favicon.ico
4G LTE Solar Powered Portable Outdoor Wireless Wi-Fi Internet Router | Shop Today. Get it Tomorrow! | takealot.com,https://www.takealot.com/4g-lte-solar-powered-portable-outdoor-wireless-wi-fi-internet-ro/PLID99143238,"[![Takealot](https://www.takealot.com/8e2494d1048dc825d0230383ac866192215f19c4/static/media/src/images/logo.svg-f6ccb489b85bbddf97d6.svg)](https://www.takealot.com/)

- [Help Centre](https://www.takealot.com/help-centre)
- [Sell on Takealot](https://www.takealot.com/sell)

- [Login](https://www.takealot.com/account/login?returnTo=https%3A%2F%2Fwww.takealot.com%2F4g-lte-solar-powered-portable-outdoor-wireless-wi-fi-internet-ro%2FPLID99143238)
- [Register](https://www.takealot.com/account/register?returnTo=https%3A%2F%2Fwww.takealot.com%2F4g-lte-solar-powered-portable-outdoor-wireless-wi-fi-internet-ro%2FPLID99143238)
- [Orders](https://www.takealot.com/account/orders)
- My Account

[wishlist](https://www.takealot.com/wishlist ""wishlist"")

0 items in cart

0

[Computers & Tablets](https://www.takealot.com/computers)[Networking](https://www.takealot.com/computers/networking-26387)[Access Points & Routers](https://www.takealot.com/computers/access-points-and-routers-26388)[Modems & Routers](https://www.takealot.com/computers/modems-and-routers-33322)[Routers](https://www.takealot.com/computers/routers-33323)

Share

Report this product

![](https://www.takealot.com/8e2494d1048dc825d0230383ac866192215f19c4/static/media/src/images/no-product-image.svg-1a49099683fa03e80dda.svg)

# 4G LTE Solar Powered Portable Outdoor Wireless Wi-Fi Internet Router

5 (1)

R 1,541

- 48% off


[![4G LTE Solar Powered Portable Outdoor Wireless Wi-Fi Internet Router](https://www.takealot.com/8e2494d1048dc825d0230383ac866192215f19c4/static/media/src/images/no-product-image.svg-1a49099683fa03e80dda.svg)\\
\\
![4G LTE Solar Powered Portable Outdoor Wireless Wi-Fi Internet Router](https://www.takealot.com/8e2494d1048dc825d0230383ac866192215f19c4/static/media/src/images/no-product-image.svg-1a49099683fa03e80dda.svg)\\
\\
![4G LTE Solar Powered Portable Outdoor Wireless Wi-Fi Internet Router](https://media.takealot.com/covers_images/638cce156b9a4b25a4bb2b846e33e2e6/s-pdpxl.file)\\
\\
![4G LTE Solar Powered Portable Outdoor Wireless Wi-Fi Internet Router](https://media.takealot.com/covers_images/e65fc8861cf74e948940bf36eb03453d/s-pdpxl.file)\\
\\
![4G LTE Solar Powered Portable Outdoor Wireless Wi-Fi Internet Router](https://media.takealot.com/covers_images/f7fe44a0aac848dabf3a16497c492df6/s-pdpxl.file)\\
\\
![4G LTE Solar Powered Portable Outdoor Wireless Wi-Fi Internet Router](https://media.takealot.com/covers_images/d65263c46a944b02ac537a55d50c3f23/s-pdpxl.file)\\
\\
![4G LTE Solar Powered Portable Outdoor Wireless Wi-Fi Internet Router](https://media.takealot.com/covers_images/2a550c71097a49e894e540abebfc6a0b/s-pdpxl.file)\\
\\
![4G LTE Solar Powered Portable Outdoor Wireless Wi-Fi Internet Router](https://media.takealot.com/covers_images/4ca6217d6990466692a9b87a8ce452b6/s-pdpxl.file)\\
\\
![4G LTE Solar Powered Portable Outdoor Wireless Wi-Fi Internet Router](https://media.takealot.com/covers_images/478addcccf624cbc86aae500f70d8701/s-pdpxl.file)\\
\\
![4G LTE Solar Powered Portable Outdoor Wireless Wi-Fi Internet Router](https://media.takealot.com/covers_images/2bf40ff4931642e98700b70b3f8d8bb4/s-pdpxl.file)\\
\\
![4G LTE Solar Powered Portable Outdoor Wireless Wi-Fi Internet Router](https://media.takealot.com/covers_images/6b7b6f7e9133470593c93eb5e4038112/s-pdpxl.file)\\
\\
![4G LTE Solar Powered Portable Outdoor Wireless Wi-Fi Internet Router](https://media.takealot.com/covers_images/95be4991c00a4717be5dfba65bfd774f/s-pdpxl.file)](https://www.takealot.com/4g-lte-solar-powered-portable-outdoor-wireless-wi-fi-internet-ro/PLID99143238)

![](https://www.takealot.com/8e2494d1048dc825d0230383ac866192215f19c4/static/media/src/images/no-product-image.svg-1a49099683fa03e80dda.svg)

![](https://www.takealot.com/8e2494d1048dc825d0230383ac866192215f19c4/static/media/src/images/no-product-image.svg-1a49099683fa03e80dda.svg)

![](https://www.takealot.com/8e2494d1048dc825d0230383ac866192215f19c4/static/media/src/images/no-product-image.svg-1a49099683fa03e80dda.svg)

![](https://www.takealot.com/8e2494d1048dc825d0230383ac866192215f19c4/static/media/src/images/no-product-image.svg-1a49099683fa03e80dda.svg)

+9

# 4G LTE Solar Powered Portable Outdoor Wireless Wi-Fi Internet Router

4G LTE to Wi-Fi Coverage, Wireless Internet Anywhere, No Power Point Needed

5

[1 Review](https://www.takealot.com/4g-lte-solar-powered-portable-outdoor-wireless-wi-fi-internet-ro/PLID99143238)

Ships in 5 - 7 work days

Learn More

Sold by [JAMAL EMPIRE](https://www.takealot.com/seller/jamal-empire?sellers=29855254)

- Eligible for Cash on Delivery.

- Free Delivery Available.
- Hassle-Free Exchanges & Returns for 30 Days.

- 6-Month Limited Warranty.


## You Might Also Like

## You Might Also Like

[Go to product details](https://www.takealot.com/waterproof-wall-mounted-enclosure-box-steel-orange-250x200x150mm/PLID98666411 ""Go to product details"")

![Waterproof Wall Mounted Enclosure Box Steel Orange - 250X200X150mm](https://media.takealot.com/covers_images/fe48bd874c5a466383310fb10160e286/s-xlpreview.file)

#### Waterproof Wall Mounted Enclosure Box Steel Orange - 250X200X150mm

- R 497Price is 497 rand
- R 675List price is 675 rand


Add to Cart

- 26% off


[Go to product details](https://www.takealot.com/dual-band-wifi-router1200-mbps-highspeed-2-4g-5ghz-wireless-router/PLID99875051 ""Go to product details"")

![Dual-Band WiFi Router1200 Mbps HighSpeed 2.4G & 5GHz Wireless Router](https://media.takealot.com/covers_images/04785d9ed00443c789f2ceba89d82ece/s-xlpreview.file)

#### Dual-Band WiFi Router1200 Mbps HighSpeed 2.4G & 5GHz Wireless Router

- R 549Price is 549 rand
- R 999List price is 999 rand


Add to Cart

- 45% off


[Go to product details](https://www.takealot.com/large-waterproof-patio-furniture-cover/PLID98543740 ""Go to product details"")

![Large Waterproof Patio Furniture Cover](https://media.takealot.com/covers_images/992fdafe3edc49c2bd20fb730b6f4dd6/s-xlpreview.file)

#### Large Waterproof Patio Furniture Cover

- R 599Price is 599 rand
- R 899List price is 899 rand


Add to Cart

- 33% off


[Go to product details](https://www.takealot.com/4g-lte-wifi-12dbi-omni-high-gain-antenna-with-sma-male-signal-booster/PLID95395736 ""Go to product details"")

![4G LTE WiFi 12DBi Omni High Gain Antenna with SMA Male Signal Booster](https://media.takealot.com/covers_images/e98252ae258b4c3f8f2a90eac1a355cf/s-xlpreview.file)

#### 4G LTE WiFi 12DBi Omni High Gain Antenna with SMA Male Signal Booster

- From R 762Price from 762 rand

3.8 (5)

[Shop All Options](https://www.takealot.com/4g-lte-wifi-12dbi-omni-high-gain-antenna-with-sma-male-signal-booster/PLID95395736)

- 44% off


[Go to product details](https://www.takealot.com/waterproof-cover-3m-x-4m/PLID73115231 ""Go to product details"")

![Waterproof cover 3m x 4m](https://media.takealot.com/covers_images/c06528819f3e4e088631ae463cd7e8a9/s-xlpreview.file)

#### Waterproof cover 3m x 4m

- R 299Price is 299 rand

4.7 (264)

Add to Cart

[Go to product details](https://www.takealot.com/mikrotik-951ui-2hnd-routerboard-wireless-router/PLID46625510 ""Go to product details"")

![MikroTik 951UI-2HND RouterBoard Wireless Router](https://media.takealot.com/covers_tsins/49487312/RB951UI-2HND-1-xlpreview.jpg)

#### MikroTik 951UI-2HND RouterBoard Wireless Router

- R 1,321Price is 1321 rand

4.9 (8)

Add to Cart

[Go to product details](https://www.takealot.com/wireless-4g-lte-wifi-rechargeable-router-1200mbps-support-rj11-port/PLID98014131 ""Go to product details"")

![Wireless 4g Lte WiFi Rechargeable Router 1200mbps Support Rj11 Port](https://media.takealot.com/covers_images/636475f7a97147738505459eec74b393/s-xlpreview.file)

#### Wireless 4g Lte WiFi Rechargeable Router 1200mbps Support Rj11 Port

- From R 1,179Price from 1179 rand

[Shop All Options](https://www.takealot.com/wireless-4g-lte-wifi-rechargeable-router-1200mbps-support-rj11-port/PLID98014131)

- 46% off


[Go to product details](https://www.takealot.com/50w-solar-led-floodlight-ip67-waterproof-outdoor-light-with-remote-8-pack/PLID99226697 ""Go to product details"")

![50W Solar LED Floodlight IP67 Waterproof Outdoor Light with Remote-8 Pack](https://media.takealot.com/covers_images/690fb669b6bd47a8be45697917e206d3/s-xlpreview.file)

#### 50W Solar LED Floodlight IP67 Waterproof Outdoor Light with Remote-8 Pack

- R 1,299Price is 1299 rand
- R 2,399List price is 2399 rand


4.7 (3)

Add to Cart

- 45% off


## Featured Content

Please note that Takealot relies on the relevant brand to provide us with accurate featured content for this product.

## Hurry! These are Selling Fast

## Hurry! These are Selling Fast

[Go to product details](https://www.takealot.com/packard-bell-mclaren-c128-11-6-inch-4gb-128gb-laptop/PLID98261808 ""Go to product details"")

![Packard Bell Mclaren-C128 11.6 Inch 4GB/128GB Laptop](https://media.takealot.com/covers_images/c308eb71923f4e4eb48ee72264e386ee/s-xlpreview.file)

#### Packard Bell Mclaren-C128 11.6 Inch 4GB/128GB Laptop

- R 2,999Price is 2999 rand
- R 3,999List price is 3999 rand


4.2 (41)

Add to Cart

- 25% off


[Go to product details](https://www.takealot.com/proline-v116-11-6-inch-laptop-intel-celeron-n4020-4gb-ram-128gb-hdd/PLID98514871 ""Go to product details"")

![Proline V116 11.6-inch Laptop - Intel Celeron N4020, 4GB RAM, 128GB HDD](https://media.takealot.com/covers_images/2cb2da5299354d8a873ea1ccdc89302b/s-xlpreview.file)

#### Proline V116 11.6-inch Laptop - Intel Celeron N4020, 4GB RAM, 128GB HDD

- R 3,499Price is 3499 rand

4.2 (56)

Add to Cart

[Go to product details](https://www.takealot.com/sunray-ladies-smart-watch-stylish-health-tracking-android-ios-compatible/PLID100622698 ""Go to product details"")

![SUNRAY Ladies Smart Watch-Stylish Health Tracking, Android & iOS Compatible](https://media.takealot.com/covers_images/d8c635f749ad4db39d271b0703a3dc1c/s-xlpreview.file)

#### SUNRAY Ladies Smart Watch-Stylish Health Tracking, Android & iOS Compatible

- R 429Price is 429 rand
- R 899List price is 899 rand


Add to Cart

- 52% off


[Go to product details](https://www.takealot.com/1-83-bluetooth-call-heart-rate-outdoor-sports-pedometer-smart-watch/PLID97389792 ""Go to product details"")

![1.83 Bluetooth Call Heart Rate Outdoor Sports Pedometer Smart Watch](https://media.takealot.com/covers_images/38b4df46b1164c179dd5d23c879dc0c7/s-xlpreview.file)

#### 1.83 Bluetooth Call Heart Rate Outdoor Sports Pedometer Smart Watch

- R 275Price is 275 rand
- R 899List price is 899 rand


4 (8)

Add to Cart

- 69% off


[Go to product details](https://www.takealot.com/huawei-matepad-se-11-wifi-tablet-4gb-ram-128-gb-rom-grey/PLID95874335 ""Go to product details"")

![HUAWEI MatePad SE 11 Wifi Tablet 4GB RAM + 128 GB ROM - Grey](https://media.takealot.com/covers_images/bcbb8b6afccc47349450501feec28306/s-xlpreview.file)

#### HUAWEI MatePad SE 11 Wifi Tablet 4GB RAM + 128 GB ROM - Grey

- R 2,999Price is 2999 rand
- R 4,999List price is 4999 rand


4.6 (40)

Add to Cart

- 40% off


[Go to product details](https://www.takealot.com/huawei-matepad-se-11-tablet-4gb-ram-128gb-rom-lte-grey-with-pen/PLID95874336 ""Go to product details"")

![HUAWEI MatePad SE 11 Tablet 4GB RAM + 128GB ROM LTE - Grey With Pen](https://media.takealot.com/covers_images/7be8ba4a40b7400eb40b59863ff2e662/s-xlpreview.file)

#### HUAWEI MatePad SE 11 Tablet 4GB RAM + 128GB ROM LTE - Grey With Pen

- R 4,299Price is 4299 rand
- R 5,999List price is 5999 rand


4.8 (44)

Add to Cart

- 28% off


[Go to product details](https://www.takealot.com/hp-g9-series-15-6-laptop-8gb-ram-256gb-ssd-win-11/PLID93230932 ""Go to product details"")

![HP G9 Series 15.6"" Laptop-8GB RAM 256GB SSD Win 11](https://media.takealot.com/covers_images/9c468488cedd4f9e8c986593e5e22a47/s-xlpreview.file)

#### HP G9 Series 15.6"" Laptop-8GB RAM 256GB SSD Win 11

- R 5,899Price is 5899 rand
- R 7,999List price is 7999 rand


4.5 (302)

Add to Cart

- 26% off


[Go to product details](https://www.takealot.com/amazon-echo-dot-5th-gen-parallel-import/PLID92755948 ""Go to product details"")

![Amazon - Echo Dot 5th Gen (Parallel Import)](https://media.takealot.com/covers_images/e093ecbd8661443a8a1a76571d38eb09/s-xlpreview.file)

#### Amazon - Echo Dot 5th Gen (Parallel Import)

- From R 540Price from 540 rand

4.7 (297)

More Colours

[Shop All Options](https://www.takealot.com/amazon-echo-dot-5th-gen-parallel-import/PLID92755948)

- Up to 59% off


[Go to product details](https://www.takealot.com/elecstor-core-300w-314wh-lithium-power-station-qualcomm-quick-charge-port/PLID92690764 ""Go to product details"")

![Elecstor CORE 300W 314WH Lithium Power Station + Qualcomm quick charge port](https://media.takealot.com/covers_images/1502a14cbd4f4526ac3fe2c7b30796d7/s-xlpreview.file)

#### Elecstor CORE 300W 314WH Lithium Power Station + Qualcomm quick charge port

- R 1,999Price is 1999 rand
- R 4,999List price is 4999 rand


4.1 (76)

Add to Cart

- 60% off


[Go to product details](https://www.takealot.com/dell-latitude-5400-chromebook-enterprise-laptop-core-i5-8th-gen/PLID100467648 ""Go to product details"")

![Dell Latitude 5400 Chromebook Enterprise Laptop -Core i5- 8th Gen](https://media.takealot.com/covers_images/ff04571edf4a49ca81f7993251515f57/s-xlpreview.file)

#### Dell Latitude 5400 Chromebook Enterprise Laptop -Core i5- 8th Gen

- R 4,195Price is 4195 rand

Add to Cart

[Go to product details](https://www.takealot.com/lenovo-laptop-for-student-and-business-15-6-fhd-screen-8gb-256gb-notebooks/PLID95100619 ""Go to product details"")

![Lenovo Laptop for Student and Business,15.6"" FHD Screen-8GB-256GB Notebooks](https://media.takealot.com/covers_images/8d29df8ac38548ffad9611f154924919/s-xlpreview.file)

#### Lenovo Laptop for Student and Business,15.6"" FHD Screen-8GB-256GB Notebooks

- R 6,015Price is 6015 rand
- R 7,499List price is 7499 rand


4.8 (28)

Add to Cart

- ![](https://media.takealot.com/promotions/118801-ribbon-large.png)

- 19% off


[Go to product details](https://www.takealot.com/honor-pad-x8a-11-128gb-lte-tablet-black-with-stylus-pen/PLID98501523 ""Go to product details"")

![HONOR Pad X8a 11"" 128GB LTE Tablet - Black with Stylus Pen](https://media.takealot.com/covers_images/0725d559e9fd4917a53e4226beb3d249/s-xlpreview.file)

#### HONOR Pad X8a 11"" 128GB LTE Tablet - Black with Stylus Pen

- R 3,699Price is 3699 rand
- R 3,999List price is 3999 rand


4.8 (32)

Add to Cart

[Go to product details](https://www.takealot.com/led-rgb-strip-lights-for-bedroom-with-remote-app-control-5m/PLID95576677 ""Go to product details"")

![LED RGB Strip Lights For Bedroom With Remote & App Control - 5M](https://media.takealot.com/covers_images/d6f90077484f40d38d475cb7798ea491/s-xlpreview.file)

#### LED RGB Strip Lights For Bedroom With Remote & App Control - 5M

- R 149Price is 149 rand
- R 199List price is 199 rand


4 (23)

Add to Cart

- 25% off


[Go to product details](https://www.takealot.com/10m-2-x-5m-led-strip-lights-smart-wifi-rgb-strip-light-remote-app-control/PLID93521972 ""Go to product details"")

![10m(2 x 5m) LED Strip Lights Smart WiFi RGB Strip Light Remote App Control](https://media.takealot.com/covers_images/0e5ba0f0d5f146ea9334e1943d0465a1/s-xlpreview.file)

#### 10m(2 x 5m) LED Strip Lights Smart WiFi RGB Strip Light Remote App Control

- R 176Price is 176 rand
- R 499List price is 499 rand


4.3 (525)

Only 3 left

Add to Cart

- ![](https://media.takealot.com/promotions/118801-ribbon-large.png)

- 64% off


4G LTE Solar Powered Portable Outdoor Wireless Wi-Fi Internet Router \| Shop Today. Get it Tomorrow! \| takealot.com",,"South Africa's leading online store. Fast, reliable delivery to your door. Many ways to pay. Shop anything you can imagine: TVs, laptops, cellphones, kitchen appliances, toys, books, beauty &amp; more. Shop the mobile app anytime, anywhere., 4G LTE Solar Powered Portable Outdoor Wireless Wi-Fi Internet Router. Eligible for Cash on Delivery. Free Delivery Available. Hassle-Free Exchanges & Returns for 30 Days. 6-Month Limited Warranty. Many ways to pay. Shop anything you can imagine!",,,https://www.takealot.com/favicon.ico
3G 4G Sim Card Wireless Modem Router With Solar Panel Power | SpyTek Surveillance,https://spytekonline.co.za/spytek-3g-4g-sim-card-wireless-modem-router-with-solar-panel-power,"![3G 4G Sim Card WI-Fi Modem Router With Battery and Solar Panel](https://spytekonline.co.za/gallery/00/00/09/00004552_large-500.jpg)

![3G 4G Sim Card WI-Fi Modem Router With Battery and Solar Panel](https://spytekonline.co.za/gallery/00/00/09/00004550_large-500.jpg)

![3G 4G Sim Card WI-Fi Modem Router With Battery and Solar Panel](https://spytekonline.co.za/gallery/00/00/09/00004549_large-500.jpg)

![3G 4G Sim Card WI-Fi Modem Router With Battery and Solar Panel](https://spytekonline.co.za/gallery/00/00/09/00003356_large-500.jpg)

![3G 4G Sim Card WI-Fi Modem Router With Battery and Solar Panel](https://spytekonline.co.za/gallery/00/00/09/00004547_large-500.jpg)

![3G 4G Sim Card WI-Fi Modem Router With Battery and Solar Panel](https://spytekonline.co.za/gallery/00/00/09/00004548_large-500.jpg)

![3G 4G Sim Card WI-Fi Modem Router With Battery and Solar Panel](https://spytekonline.co.za/gallery/00/00/09/00003357_large-500.jpg)

![3G 4G Sim Card WI-Fi Modem Router With Battery and Solar Panel](https://spytekonline.co.za/gallery/00/00/09/00003358_large-500.jpg)

![3G 4G Sim Card WI-Fi Modem Router With Battery and Solar Panel](https://spytekonline.co.za/gallery/00/00/09/00003359_large-500.jpg)

![3G 4G Sim Card WI-Fi Modem Router With Battery and Solar Panel](https://spytekonline.co.za/gallery/00/00/09/00003360_large-500.jpg)

![3G 4G Sim Card WI-Fi Modem Router With Battery and Solar Panel](https://spytekonline.co.za/gallery/00/00/09/00003361_large-500.jpg)

![3G 4G Sim Card WI-Fi Modem Router With Battery and Solar Panel](https://spytekonline.co.za/gallery/00/00/09/00003362_large-500.jpg)

![3G 4G Sim Card WI-Fi Modem Router With Battery and Solar Panel](https://spytekonline.co.za/gallery/00/00/09/00004552_large.jpg)

![3G 4G Sim Card WI-Fi Modem Router With Battery and Solar Panel](https://spytekonline.co.za/gallery/00/00/09/00004550_large.jpg)

![3G 4G Sim Card WI-Fi Modem Router With Battery and Solar Panel](https://spytekonline.co.za/gallery/00/00/09/00004549_large.jpg)

![3G 4G Sim Card WI-Fi Modem Router With Battery and Solar Panel](https://spytekonline.co.za/gallery/00/00/09/00003356_large.jpg)

![3G 4G Sim Card WI-Fi Modem Router With Battery and Solar Panel](https://spytekonline.co.za/gallery/00/00/09/00004547_large.jpg)

![3G 4G Sim Card WI-Fi Modem Router With Battery and Solar Panel](https://spytekonline.co.za/gallery/00/00/09/00004548_large.jpg)

![3G 4G Sim Card WI-Fi Modem Router With Battery and Solar Panel](https://spytekonline.co.za/gallery/00/00/09/00003357_large.jpg)

![3G 4G Sim Card WI-Fi Modem Router With Battery and Solar Panel](https://spytekonline.co.za/gallery/00/00/09/00003358_large.jpg)

![3G 4G Sim Card WI-Fi Modem Router With Battery and Solar Panel](https://spytekonline.co.za/gallery/00/00/09/00003359_large.jpg)

![3G 4G Sim Card WI-Fi Modem Router With Battery and Solar Panel](https://spytekonline.co.za/gallery/00/00/09/00003360_large.jpg)

![3G 4G Sim Card WI-Fi Modem Router With Battery and Solar Panel](https://spytekonline.co.za/gallery/00/00/09/00003361_large.jpg)

![3G 4G Sim Card WI-Fi Modem Router With Battery and Solar Panel](https://spytekonline.co.za/gallery/00/00/09/00003362_large.jpg)

# [**SpyTek**](https://spytekonline.co.za/spytek-3g-4g-sim-card-wireless-modem-router-with-solar-panel-power)

# [3G 4G Sim Card WI-Fi Modem Router With Battery and Solar Panel](https://spytekonline.co.za/spytek-3g-4g-sim-card-wireless-modem-router-with-solar-panel-power)

SKU: 924

MANUFACTURER: SpyTek

PRODUCT CODE: SPTK-WMRSP26AH

* * *


R 4,387.00
~~R 4,790.00~~

AVAILABILITY:In Stock


This item may be out of stock, please
[contact our agents for back-order lead times](https://spytekonline.co.za/spytek-3g-4g-sim-card-wireless-modem-router-with-solar-panel-power#product-check-stock-popup)

Or split into 4x interest-free

payments of R1096.75Learn more

![](https://widgets.payflex.co.za/assets/partpay_new.png)

![Close](https://widgets.payflex.co.za/assets/cancel-icon.png)

![](https://widgets.payflex.co.za/assets/Payflex_purple.png)

No interest, no fees,

4x instalments over 6 weeks

How it works

Payflex lets you get what you need now, but pay for it over four interest-free instalments. You pay 25% upfront, then three payments of 25% over the following six weeks.

**1**

Shop Online

and fill your cart

**2**

Choose Payflex at checkout

**3**

Get approved and

pay 25% today

with your debit

or credit card

**4**

Pay the remainder

over 6-weeks.

No interest.

No fees.

- You must be over

18 years old
- You must have a valid

South African ID
- You must have a debit or credit card

issued by Mastercard, Visa or Amex

Still want more information? [Click here](http://www.payflex.co.za/#howitworks/)

* * *

- Battery Powered, Solar Charging WIFI Internet Router

- 4G Sim Card Wireless Modem Router

- The world's Smallest Solar 4G router

- 6V 12W Monocrystal Solar Energy Panel

- 4G LTE Sim Card MIFI Router

- DC 3.7V /26AH Lithium Battery

- MPPT Solar Controller

- Solid Metal Wall Mount Bracket

- Works well with outdoor & Solar Camera / cameras

Add to Cart
Buy Now [Ask Question](https://spytekonline.co.za/spytek-3g-4g-sim-card-wireless-modem-router-with-solar-panel-power#product-enquiry-popup)

* * *

Add to wishlist

[**When do i get it?**](https://spytekonline.co.za/spytek-3g-4g-sim-card-wireless-modem-router-with-solar-panel-power#product-enquiry-info)

- [Overview](https://spytekonline.co.za/spytek-3g-4g-sim-card-wireless-modem-router-with-solar-panel-power#product-tab-description)

## **Product Description**

- 300Mbps 4G Sim Card Wireless Modem Router With Solar Panel Power and Lithium Battery
- Size:20.5\*34.5\*4cm,The world's Smallest Solar 4G router
- 6V 12W Monocrystal Solar Energy Panel\*1
- 4G LTE Sim Card MIFI Router \* 1
- DC 3.7V /26AH Lithium Battery \* 1
- MPPT Solar Controller \*1
- Solid Metal Wall Mount Bracket \* 1
- Applicable to countries and regions with 3G and 4G networks around the world

|     |     |     |
| --- | --- | --- |
| **Model No.** | **SPTK-WMRSP26AH** |
| 4G | Support Network | 4G FDD-LTE/TDD-LTE/WCDMA/HSPA+/TD-SWCDMA/GSM/GPRS/EDGE |
| Support Band | B1/B2/B3/B4/B7/B8/B12/B13/B18/B19/B20/B26/B38/B39/B40/B41/B26 |
| Support Band of frequencies | (EU)FDD LTE Band1/Band3/BAND7/BAND8/BAND20;<br>(US)FDD LTE Band1/Band2/BAND4/BAND12/BAND13;<br>(JP)FDD LTE Band1/Band3/BAND8/BAND18/BAND19/BAND26 |
| TDD-LTE Band38/ Band39 / Band40/ Band41 |
| WCDMA/1900/2100/2600MHz |
| TD-SCDMA Band34 (2010-2025MHz) / Band39 (1880-1920MHz) |
| EDGE/GPRS/850/900/1800/1900MHz |
| UMTS Band1 / Band2 / Band5 GSM 900 / 1800 / 1900 MHz |
| Network Speed | FDD-LTE/TD-LTE (4G) :150MBPS/50MBPS |
| WCDMA (3G): 21MBPS/5.76MBPS |
| TD-SCDMA (3G): 2.8MBPS/2.2MBPS |
| Weight | Package weight | 2.5Kg |
| Accessories | Adaptor,User Manual,Bracket,Screw |

**Solar Panel Specifications**

|     |     |
| --- | --- |
| **Model No.** | **SPTK-WMRSP26AH** |
| Cell Material | High Efficiency Monocrystalline |
| Maximum Power(Pmax) | 12W |
| Maximum Power Voltage(Vmp) | 6V |
| Maximum Power Current(lmp) | 1.73A |
| Open Circuit Voltage(Voc) | 7.2V |
| Short Circuit Current(lsc) | 1.84A |
| Conversion efficiency | 19% |
| Power Tolerance | ±3% |
| Maximum System Voltage | 1000VDC |
| Frame | PC Complex Material |
| Temperature Range | -40℃to +80℃ |
| Dimensions(mm) | 200\*400\*20mm |

|
|

[Home](https://spytekonline.co.za/) [Wishlist](https://spytekonline.co.za/wishlist/default) [Account](https://spytekonline.co.za/account)

[Search](https://spytekonline.co.za/spytek-3g-4g-sim-card-wireless-modem-router-with-solar-panel-power#)

[Top](https://spytekonline.co.za/spytek-3g-4g-sim-card-wireless-modem-router-with-solar-panel-power#top ""Top"")

- [Home](https://spytekonline.co.za/)
- Products  - [Audio Surveillance](https://spytekonline.co.za/audio-surveillance)
  - [Cameras](https://spytekonline.co.za/Cameras)    - [Body Worn Cameras](https://spytekonline.co.za/body-worn-cameras)
    - [DVR Covert Cameras](https://spytekonline.co.za/dvr-covert-cameras)
    - [Wireless / Wifi Covert Cameras](https://spytekonline.co.za/wifi-cameras)
    - [3G/4G Cameras](https://spytekonline.co.za/3g-4g-cameras)
    - [Wired Covert Cameras](https://spytekonline.co.za/wired-cameras)
  - [SOLAR Cameras and GPS / Farm Surveillance](https://spytekonline.co.za/solar-cameras-and-gps)
  - [GPS Trackers](https://spytekonline.co.za/portable-and-vehicle-gps-trackers)    - [Portable/ Personal GPS Trackers](https://spytekonline.co.za/portable-and-personal-gps-trackers)
    - [Vehicle GPS Trackers](https://spytekonline.co.za/vehicle-gps-trackers)
  - [CCTV, CCTV Kits and Accessories](https://spytekonline.co.za/cctv-cctv-kits-and-accessories)    - [CCTV Kits](https://spytekonline.co.za/cctv-kits)
    - [CCTV Cameras](https://spytekonline.co.za/cctv-cameras-ip)
    - [CCTV Accessories](https://spytekonline.co.za/cctv-accessories)
  - [Off Grid & Backup Power](https://spytekonline.co.za/off-grid-and-backup-power)
  - [Vehicle Surveillance](https://spytekonline.co.za/vehicle-cameras-gps-and-mdvr)    - [Dash Cameras](https://spytekonline.co.za/dash-cameras)
    - [Vehicle Cameras](https://spytekonline.co.za/vehicle-cam)
    - [MDVR - Mobile / Vehicle DVR](https://spytekonline.co.za/mdvr-mobile-vehicle-dvr)
  - [Security & Self Defence](https://spytekonline.co.za/security-and-self-defence)    - [Non - Lethal Guns](https://spytekonline.co.za/non-lethal-guns)
  - [TSCM / Debugging Services](https://spytekonline.co.za/tscm-debugging-services)
  - [Bug Detectors](https://spytekonline.co.za/bug-detectors)
  - [Cellphone & PC Monitoring](https://spytekonline.co.za/cell-pc-monitor)
  - [Smart IOT Series](https://spytekonline.co.za/smart-iot-series)    - [Tuya Smart Series](https://spytekonline.co.za/tuya-smart-series)
    - [Ubox Smart Series](https://spytekonline.co.za/ubox-smart-series)
  - [Other Spy Stuff](https://spytekonline.co.za/other-spy-stuff)
  - [Exclusive Toys](https://spytekonline.co.za/exclusivetoys)
  - [Spytek Merchandise](https://spytekonline.co.za/spytek-merchandise)
  - [Guard Patrol Tour System](https://spytekonline.co.za/guard-tour-patrol-monitor-system)
  - [Digital Signage](https://spytekonline.co.za/digital-signage)
- [Promotions](https://spytekonline.co.za/promotions)
- [Blog](https://spytekonline.co.za/blog/secure-times)
- [Contact Us](https://spytekonline.co.za/contact-us)
- [CSSP Login](https://portal.spytek.co.za/)

- [Contact Us](https://spytekonline.co.za/contact-us)
- [facebook](https://www.facebook.com/SpytekSA/ ""Facebook"")
- [Twitter](https://www.twitter.com/spyteksa ""Twitter"")
- [Instagram](https://www.instagram.com/spyteksa ""Instagram"")
- [LinkedIn](https://www.linkedin.com/company/spyteksa/ ""LinkedIn"")
- [YouTube](https://www.youtube.com/channel/UCPexRmm3tPaRoS0ujeDLJqQ ""YouTube"")
- [WhatsApp](https://spytekonline.co.za/spytek-3g-4g-sim-card-wireless-modem-router-with-solar-panel-power#whats-app-message)

### Demos

;

![help-icon](https://assetscdn-wchat.freshchat.com/static/assets/help_icon.407f0467c911236190038c9631c321f8.svg)Chat With a Spytek Agent",,"4G Sim Card Wireless Modem Router, The world's Smallest Solar 4G router, 6V 12W Monocrystal Solar Energy Panel, 4G LTE Sim Card MIFI Router , DC 3.7V /26AH Lithium Battery, MPPT Solar Controller, Solid Metal Wall Mount Bracket , Applicable to countries and regions with 3G and 4G networks around the world",,http://spytekonline.co.za/gallery/00/00/09/00000924_00004552.jpg,https://spytekonline.co.za/res/theme/0003/favicon.ico
"4G / 3G LTE Solar Router - WiFi Hotspot, SIM Slot | Agri Solsec - AGRI SOLSEC",https://www.agrisolsec.co.za/product/4g-3g-lte-solar-router-wifi-hotspot-sim-slot-agri-solsec/,"## 4G / 3G LTE Solar Router – WiFi Hotspot, SIM Slot \| Agri Solsec

[![](https://www.agrisolsec.co.za/wp-content/uploads/2025/11/s-zoom-2-1000x1000.jpg)](https://www.agrisolsec.co.za/wp-content/uploads/2025/11/s-zoom-2.jpg)

[![](https://www.agrisolsec.co.za/wp-content/uploads/2025/11/s-zoom-1-1-1000x1000.jpg)](https://www.agrisolsec.co.za/wp-content/uploads/2025/11/s-zoom-1-1.jpg)

![s-zoom](https://www.agrisolsec.co.za/wp-content/uploads/2025/11/s-zoom-2-150x150.jpg)

![s-zoom (1)](https://www.agrisolsec.co.za/wp-content/uploads/2025/11/s-zoom-1-1-150x150.jpg)

### 4G / 3G LTE Solar Router – WiFi Hotspot, SIM Slot \| Agri Solsec

- [Tech Terrain](https://www.agrisolsec.co.za/product-category/tech-terrain/)
- 4G / 3G LTE Solar Router – WiFi Hotspot, SIM Slot \| Agri Solsec

R2,000.00

* * *

4G / 3G LTE Solar Router - WiFi Hotspot, SIM Slot \| Agri Solsec quantity

Add to CartBuy Now

- [Description](https://www.agrisolsec.co.za/product/4g-3g-lte-solar-router-wifi-hotspot-sim-slot-agri-solsec/#tab-description)

## Description

Stay connected anywhere, anytime with the **Agri Solsec 4G/3G LTE Solar Wi-Fi Router** – a rugged, portable, and solar-powered internet solution engineered for adventurers, remote workers, and off-grid living. Whether you’re **camping in the mountains**, **working from a remote cabin**, or preparing for **load-shedding**, this reliable Agri Solsec router keeps you online where traditional networks fail.

The **Agri Solsec Solar Router** combines **built-in 4G/3G LTE support**, a **SIM card slot**, and **Wi-Fi hotspot capability** to deliver high-speed internet without relying on fibre, ADSL, or Eskom. Its **10W solar panel** charges an internal **rechargeable battery**, giving you complete independence and uninterrupted connectivity anywhere in South Africa.

Crafted for real-world outdoor use, the **Agri Solsec 4G/3G LTE Router** features a **weatherproof, wall-mountable housing** and a **5dBi high-gain antenna**, ensuring stable signal strength and consistent coverage in rural and remote areas. Whether you need backup internet for your home, business, or farm, this device offers the freedom to stay connected no matter the conditions.

### **Perfect for:**

- Outdoor adventurers and campers needing portable Wi-Fi
- Remote workers and freelancers operating from rural cabins or farms
- Farms, warehouses, and construction sites without fibre or ADSL
- Emergency backup connectivity during load shedding or power outages
- Lodges, wildlife reserves, and off-grid accommodations
- CCTV and smart home devices that require a reliable network connection

### **Features:**

- **4G/3G LTE Compatibility** – Works with most SIM cards in South Africa
- **Wi-Fi Hotspot** – Share fast internet with multiple devices simultaneously
- **10W Solar Panel** – Generates clean, renewable power for off-grid operation
- **Rechargeable Battery** – Stores energy for continuous use day and night
- **Weatherproof Housing** – IP-rated protection against dust and rain
- **5dBi High-Gain Antenna** – Improves signal quality and range
- **Built-in SIM Card Slot** – No need for external modems or dongles
- **Wall Mount Ready** – Easy setup on walls or poles
- **Compact & Lightweight** – Ideal for travel, field work, and mobile setups

### **Benefits:**

- **Stay online off-grid** without needing Eskom or fixed lines
- **Reliable connection** even in weak-signal rural areas
- **Perfect backup** for homes and businesses during power cuts
- **Portable and eco-friendly** design for maximum convenience
- **Reduces costs** by removing the need for wired internet
- **Versatile connectivity** for CCTV, IoT, and mobile operations

### **Usage Tips:**

- Insert a **4G or 3G SIM card** with strong local coverage (MTN, Vodacom, Cell C, Telkom)
- Mount the solar panel facing direct sunlight for full-day charging
- Pair with **data bundles** for affordable mobile broadband
- Extend antennas fully for stronger signal reception
- Ideal for use with **Agri Solsec solar cameras** or other smart security devices

Wherever life takes you, the **Agri Solsec 4G/3G LTE Solar Wi-Fi Router** ensures you’re always connected. Built tough for the African outdoors, it combines solar efficiency, 4G speed, and wireless freedom in one compact package – perfect for homes, farms, lodges, and mobile workstations. With Agri Solsec, you’re never out of range.

What’s in the box

1 x Agri Solsec 4G/3G LTE Solar Wi-Fi Router \| 10W

1 x Mounting Bracket

1 x Instruction Manual

## Related Products

[![](https://www.agrisolsec.co.za/wp-content/uploads/2025/11/s-zoom-4.jpg)](https://www.agrisolsec.co.za/product/smart-fingerprint-padlock-bluetooth-key-waterproof-lock-agri-solsec/)

##### [Tech Terrain](https://www.agrisolsec.co.za/product-category/tech-terrain/)

##### [Smart Fingerprint Padlock – Bluetooth, Key, Waterproof Lock \| Agri Solsec](https://www.agrisolsec.co.za/product/smart-fingerprint-padlock-bluetooth-key-waterproof-lock-agri-solsec/)

##### [R750.00](https://www.agrisolsec.co.za/product/smart-fingerprint-padlock-bluetooth-key-waterproof-lock-agri-solsec/)

[Add To Cart](https://www.agrisolsec.co.za/?add-to-cart=3025&quantity=1&e-redirect=https://www.agrisolsec.co.za/cart/)

[![Solar-Powered Multi-Gear Fan](https://www.agrisolsec.co.za/wp-content/uploads/2024/05/Screenshot-2024-04-11-151559.png)](https://www.agrisolsec.co.za/product/solar-powered-multi-gear-fan/)

##### [Tech Terrain](https://www.agrisolsec.co.za/product-category/tech-terrain/)

##### [Solar-Powered Multi-Gear Fan with LED Light and Solar Panel](https://www.agrisolsec.co.za/product/solar-powered-multi-gear-fan/)

##### [R800.00 ~~R1,400.00~~](https://www.agrisolsec.co.za/product/solar-powered-multi-gear-fan/)

[Add To Cart](https://www.agrisolsec.co.za/?add-to-cart=1008&quantity=1&e-redirect=https://www.agrisolsec.co.za/cart/)

[![Solar Powered Outdoor LED String Lights](https://www.agrisolsec.co.za/wp-content/uploads/2024/05/Screenshot-2024-04-11-144835.png)](https://www.agrisolsec.co.za/product/solar-powered-outdoor-led-string-lights/)

##### [Tech Terrain](https://www.agrisolsec.co.za/product-category/tech-terrain/)

##### [Solar Powered Outdoor LED String Lights- 15M (15 Bulbs)](https://www.agrisolsec.co.za/product/solar-powered-outdoor-led-string-lights/)

##### [R800.00](https://www.agrisolsec.co.za/product/solar-powered-outdoor-led-string-lights/)

[Add To Cart](https://www.agrisolsec.co.za/?add-to-cart=1002&quantity=1&e-redirect=https://www.agrisolsec.co.za/cart/)

[![](https://www.agrisolsec.co.za/wp-content/uploads/2025/11/s-zoom-4.jpg)](https://www.agrisolsec.co.za/product/smart-fingerprint-padlock-bluetooth-key-waterproof-lock-agri-solsec/)

##### [Tech Terrain](https://www.agrisolsec.co.za/product-category/tech-terrain/)

##### [Smart Fingerprint Padlock – Bluetooth, Key, Waterproof Lock \| Agri Solsec](https://www.agrisolsec.co.za/product/smart-fingerprint-padlock-bluetooth-key-waterproof-lock-agri-solsec/)

##### [R750.00](https://www.agrisolsec.co.za/product/smart-fingerprint-padlock-bluetooth-key-waterproof-lock-agri-solsec/)

[Add To Cart](https://www.agrisolsec.co.za/?add-to-cart=3025&quantity=1&e-redirect=https://www.agrisolsec.co.za/cart/)

[![Solar-Powered Multi-Gear Fan](https://www.agrisolsec.co.za/wp-content/uploads/2024/05/Screenshot-2024-04-11-151559.png)](https://www.agrisolsec.co.za/product/solar-powered-multi-gear-fan/)

##### [Tech Terrain](https://www.agrisolsec.co.za/product-category/tech-terrain/)

##### [Solar-Powered Multi-Gear Fan with LED Light and Solar Panel](https://www.agrisolsec.co.za/product/solar-powered-multi-gear-fan/)

##### [R800.00 ~~R1,400.00~~](https://www.agrisolsec.co.za/product/solar-powered-multi-gear-fan/)

[Add To Cart](https://www.agrisolsec.co.za/?add-to-cart=1008&quantity=1&e-redirect=https://www.agrisolsec.co.za/cart/)

[![Solar Powered Outdoor LED String Lights](https://www.agrisolsec.co.za/wp-content/uploads/2024/05/Screenshot-2024-04-11-144835.png)](https://www.agrisolsec.co.za/product/solar-powered-outdoor-led-string-lights/)

##### [Tech Terrain](https://www.agrisolsec.co.za/product-category/tech-terrain/)

##### [Solar Powered Outdoor LED String Lights- 15M (15 Bulbs)](https://www.agrisolsec.co.za/product/solar-powered-outdoor-led-string-lights/)

##### [R800.00](https://www.agrisolsec.co.za/product/solar-powered-outdoor-led-string-lights/)

[Add To Cart](https://www.agrisolsec.co.za/?add-to-cart=1002&quantity=1&e-redirect=https://www.agrisolsec.co.za/cart/)

[![](https://www.agrisolsec.co.za/wp-content/uploads/2025/11/s-zoom-4.jpg)](https://www.agrisolsec.co.za/product/smart-fingerprint-padlock-bluetooth-key-waterproof-lock-agri-solsec/)

##### [Tech Terrain](https://www.agrisolsec.co.za/product-category/tech-terrain/)

##### [Smart Fingerprint Padlock – Bluetooth, Key, Waterproof Lock \| Agri Solsec](https://www.agrisolsec.co.za/product/smart-fingerprint-padlock-bluetooth-key-waterproof-lock-agri-solsec/)

##### [R750.00](https://www.agrisolsec.co.za/product/smart-fingerprint-padlock-bluetooth-key-waterproof-lock-agri-solsec/)

[Add To Cart](https://www.agrisolsec.co.za/?add-to-cart=3025&quantity=1&e-redirect=https://www.agrisolsec.co.za/cart/)

[![Solar-Powered Multi-Gear Fan](https://www.agrisolsec.co.za/wp-content/uploads/2024/05/Screenshot-2024-04-11-151559.png)](https://www.agrisolsec.co.za/product/solar-powered-multi-gear-fan/)

##### [Tech Terrain](https://www.agrisolsec.co.za/product-category/tech-terrain/)

##### [Solar-Powered Multi-Gear Fan with LED Light and Solar Panel](https://www.agrisolsec.co.za/product/solar-powered-multi-gear-fan/)

##### [R800.00 ~~R1,400.00~~](https://www.agrisolsec.co.za/product/solar-powered-multi-gear-fan/)

[Add To Cart](https://www.agrisolsec.co.za/?add-to-cart=1008&quantity=1&e-redirect=https://www.agrisolsec.co.za/cart/)

[![Solar Powered Outdoor LED String Lights](https://www.agrisolsec.co.za/wp-content/uploads/2024/05/Screenshot-2024-04-11-144835.png)](https://www.agrisolsec.co.za/product/solar-powered-outdoor-led-string-lights/)

##### [Tech Terrain](https://www.agrisolsec.co.za/product-category/tech-terrain/)

##### [Solar Powered Outdoor LED String Lights- 15M (15 Bulbs)](https://www.agrisolsec.co.za/product/solar-powered-outdoor-led-string-lights/)

##### [R800.00](https://www.agrisolsec.co.za/product/solar-powered-outdoor-led-string-lights/)

[Add To Cart](https://www.agrisolsec.co.za/?add-to-cart=1002&quantity=1&e-redirect=https://www.agrisolsec.co.za/cart/)",,"Stay connected anywhere, anytime with the Agri Solsec 4G/3G LTE Solar Wi-Fi Router - a rugged, portable, and solar-powered internet solution engineered for",,https://www.agrisolsec.co.za/wp-content/uploads/2025/11/s-zoom-2.jpg,https://www.agrisolsec.co.za/wp-content/uploads/2023/03/cropped-LogoHeader-S-32x32.png
